{"stats":{"minecraft:mined":{"minecraft:tuff":14,"minecraft:dark_oak_leaves":2,"minecraft:deepslate_diamond_ore":12,"minecraft:dark_oak_log":61,"minecraft:obsidian":12,"minecraft:granite":21,"minecraft:budding_amethyst":2,"minecraft:acacia_log":50,"minecraft:grass_block":11,"minecraft:spawner":1,"minecraft:hay_block":11,"minecraft:redstone_ore":4,"minecraft:furnace":1,"minecraft:iron_ore":89,"minecraft:cobbled_deepslate":2,"minecraft:acacia_wood":42,"minecraft:acacia_stairs":2,"minecraft:andesite":20,"minecraft:deepslate_lapis_ore":11,"minecraft:deepslate_iron_ore":70,"minecraft:rail":11,"minecraft:stone":314,"minecraft:deepslate_redstone_ore":30,"minecraft:acacia_leaves":2,"minecraft:glass_pane":4,"minecraft:amethyst_cluster":4,"minecraft:crafting_table":1,"minecraft:torch":21,"minecraft:short_grass":80,"minecraft:calcite":4,"minecraft:chest":2,"minecraft:rose_bush":2,"minecraft:copper_ore":1,"minecraft:tall_grass":4,"minecraft:cobblestone":5,"minecraft:deepslate_gold_ore":61,"minecraft:lapis_ore":8,"minecraft:diorite":23,"minecraft:wall_torch":10,"minecraft:amethyst_block":5,"minecraft:seagrass":1,"minecraft:wheat":10,"minecraft:coal_ore":78,"minecraft:oak_log":11,"minecraft:sand":21,"minecraft:gravel":12,"minecraft:acacia_door":1,"minecraft:dirt":16,"minecraft:smooth_basalt":2,"minecraft:acacia_planks":3,"minecraft:gold_ore":5,"minecraft:oak_leaves":1,"minecraft:deepslate":326},"minecraft:used":{"minecraft:rose_bush":1,"minecraft:acacia_log":5,"minecraft:chest":10,"minecraft:shield":27,"minecraft:rotten_flesh":2,"minecraft:cooked_salmon":13,"minecraft:cooked_chicken":5,"minecraft:torch":226,"minecraft:dirt":1,"minecraft:white_carpet":1,"minecraft:acacia_sapling":2,"minecraft:obsidian":10,"minecraft:lava_bucket":1,"minecraft:iron_axe":124,"minecraft:birch_sapling":1,"minecraft:oak_sapling":1,"minecraft:furnace":11,"minecraft:cooked_beef":6,"minecraft:acacia_planks":11,"minecraft:cobbled_deepslate":49,"minecraft:dark_oak_sapling":2,"minecraft:acacia_boat":6,"minecraft:water_bucket":4,"minecraft:diorite":5,"minecraft:stone_pickaxe":131,"minecraft:wooden_pickaxe":4,"minecraft:diamond_axe":113,"minecraft:sand":5,"minecraft:rail":11,"minecraft:crafting_table":3,"minecraft:diamond_pickaxe":41,"minecraft:apple":1,"minecraft:acacia_door":2,"minecraft:bread":1,"minecraft:iron_pickaxe":970,"minecraft:gravel":3,"minecraft:stone_axe":81,"minecraft:cobblestone":102,"minecraft:bucket":6,"minecraft:andesite":1,"minecraft:bone_meal":16},"minecraft:dropped":{"minecraft:wheat_seeds":7,"minecraft:iron_helmet":1,"minecraft:cobblestone":1,"minecraft:amethyst_block":5,"minecraft:granite":15,"minecraft:copper_ingot":1,"minecraft:flint":5,"minecraft:dirt":38,"minecraft:diorite":14,"minecraft:iron_axe":1,"minecraft:iron_pickaxe":1,"minecraft:smooth_basalt":2,"minecraft:furnace":1,"minecraft:stone_sword":1,"minecraft:cobbled_deepslate":64,"minecraft:wheat":1,"minecraft:rotten_flesh":8,"minecraft:iron_boots":1,"minecraft:blast_furnace":1,"minecraft:flower_pot":1,"minecraft:andesite":19,"minecraft:acacia_slab":14,"minecraft:acacia_sapling":1,"minecraft:wooden_pickaxe":1,"minecraft:calcite":4,"minecraft:acacia_fence":10},"minecraft:custom":{"minecraft:mob_kills":40,"minecraft:inspect_hopper":3,"minecraft:interact_with_crafting_table":42,"minecraft:leave_game":2,"minecraft:time_since_death":166573,"minecraft:sprint_one_cm":336234,"minecraft:walk_one_cm":560065,"minecraft:damage_blocked_by_shield":1500,"minecraft:drop":32,"minecraft:talked_to_villager":43,"minecraft:play_time":166573,"minecraft:sneak_time":10125,"minecraft:walk_under_water_one_cm":14851,"minecraft:boat_one_cm":313609,"minecraft:jump":2754,"minecraft:walk_on_water_one_cm":18536,"minecraft:total_world_time":166573,"minecraft:interact_with_furnace":85,"minecraft:traded_with_villager":51,"minecraft:sleep_in_bed":4,"minecraft:time_since_rest":980,"minecraft:damage_taken":1374,"minecraft:damage_dealt":7893,"minecraft:fly_one_cm":395155,"minecraft:swim_one_cm":26418,"minecraft:open_chest":92,"minecraft:crouch_one_cm":26006,"minecraft:fall_one_cm":58064},"minecraft:picked_up":{"minecraft:crafting_table":1,"minecraft:wheat":10,"minecraft:flower_pot":1,"minecraft:amethyst_block":5,"minecraft:acacia_door":1,"minecraft:string":8,"minecraft:raw_copper":3,"minecraft:white_carpet":1,"minecraft:cobbled_deepslate":340,"minecraft:rose_bush":1,"minecraft:calcite":4,"minecraft:chest":2,"minecraft:birch_sapling":3,"minecraft:phantom_membrane":1,"minecraft:iron_boots":1,"minecraft:furnace":1,"minecraft:dark_oak_sapling":2,"minecraft:raw_iron":220,"minecraft:stick":6,"minecraft:acacia_fence":10,"minecraft:copper_ingot":1,"minecraft:torch":100,"minecraft:acacia_log":90,"minecraft:diorite":23,"minecraft:redstone":154,"minecraft:stone_sword":1,"minecraft:arrow":6,"minecraft:rotten_flesh":22,"minecraft:hay_block":11,"minecraft:obsidian":10,"minecraft:rail":11,"minecraft:cobblestone":314,"minecraft:andesite":23,"minecraft:acacia_wood":43,"minecraft:flint":2,"minecraft:tuff":18,"minecraft:oak_log":11,"minecraft:gunpowder":1,"minecraft:acacia_boat":4,"minecraft:lapis_lazuli":108,"minecraft:dirt":53,"minecraft:bone":8,"minecraft:acacia_planks":5,"minecraft:wheat_seeds":39,"minecraft:raw_gold":66,"minecraft:cooked_chicken":5,"minecraft:oak_planks":1,"minecraft:acacia_sapling":4,"minecraft:smooth_basalt":2,"minecraft:gravel":31,"minecraft:sand":5,"minecraft:amethyst_shard":16,"minecraft:blast_furnace":1,"minecraft:acacia_stairs":6,"minecraft:dark_oak_log":59,"minecraft:spider_eye":2,"minecraft:diamond":12,"minecraft:granite":20,"minecraft:oak_sapling":1,"minecraft:acacia_slab":18,"minecraft:coal":140},"minecraft:broken":{"minecraft:stone_pickaxe":1,"minecraft:stone_axe":1,"minecraft:iron_pickaxe":3},"minecraft:crafted":{"minecraft:oak_planks":44,"minecraft:furnace":11,"minecraft:bone_meal":24,"minecraft:flint_and_steel":1,"minecraft:iron_boots":1,"minecraft:iron_axe":1,"minecraft:stone_pickaxe":1,"minecraft:chest":8,"minecraft:dark_oak_planks":236,"minecraft:wheat":99,"minecraft:cooked_beef":8,"minecraft:emerald":41,"minecraft:diamond_axe":1,"minecraft:crafting_table":2,"minecraft:wooden_pickaxe":1,"minecraft:iron_helmet":9,"minecraft:bucket":1,"minecraft:stone_axe":1,"minecraft:bread":36,"minecraft:acacia_boat":2,"minecraft:air":0,"minecraft:iron_chestplate":3,"minecraft:diamond_pickaxe":1,"minecraft:shield":1,"minecraft:stick":1368,"minecraft:iron_ingot":59,"minecraft:iron_pickaxe":4,"minecraft:iron_leggings":1,"minecraft:acacia_door":3,"minecraft:gold_ingot":14,"minecraft:acacia_planks":510,"minecraft:torch":160},"minecraft:killed":{"minecraft:spider":8,"minecraft:phantom":1,"minecraft:skeleton":10,"minecraft:drowned":2,"minecraft:husk":3,"minecraft:zombie_villager":1,"minecraft:creeper":1,"minecraft:zombie":13}},"DataVersion":3839}