{"stats":{"minecraft:mined":{"minecraft:white_bed":9,"minecraft:mossy_cobblestone":2,"minecraft:glow_lichen":1,"minecraft:granite":1,"minecraft:acacia_log":85,"minecraft:grass_block":5,"minecraft:spruce_leaves":23,"minecraft:acacia_slab":18,"minecraft:hopper":1,"minecraft:cartography_table":1,"minecraft:hay_block":13,"minecraft:furnace":8,"minecraft:acacia_trapdoor":7,"minecraft:iron_ore":27,"minecraft:acacia_wood":24,"minecraft:acacia_stairs":84,"minecraft:andesite":1,"minecraft:fletching_table":3,"minecraft:bell":1,"minecraft:water_cauldron":2,"minecraft:stone":65,"minecraft:orange_bed":4,"minecraft:orange_glazed_terracotta":1,"minecraft:smithing_table":1,"minecraft:acacia_leaves":5,"minecraft:glass_pane":3,"minecraft:red_bed":1,"minecraft:kelp_plant":1,"minecraft:melon_stem":1,"minecraft:crafting_table":6,"minecraft:torch":2,"minecraft:short_grass":64,"minecraft:blast_furnace":2,"minecraft:cobblestone":5,"minecraft:tall_grass":3,"minecraft:grindstone":1,"minecraft:oak_planks":33,"minecraft:diorite":2,"minecraft:birch_log":6,"minecraft:wheat":7,"minecraft:spruce_log":59,"minecraft:birch_leaves":2,"minecraft:oak_log":31,"minecraft:coal_ore":249,"minecraft:sand":17,"minecraft:acacia_fence":10,"minecraft:gravel":5,"minecraft:acacia_door":4,"minecraft:acacia_planks":109,"minecraft:stonecutter":1,"minecraft:oak_leaves":3},"minecraft:used":{"minecraft:stone_sword":22,"minecraft:iron_shovel":18,"minecraft:chest":6,"minecraft:iron_sword":6,"minecraft:bell":1,"minecraft:cooked_salmon":1,"minecraft:cooked_chicken":5,"minecraft:torch":152,"minecraft:dirt":9,"minecraft:hopper":7,"minecraft:orange_glazed_terracotta":1,"minecraft:iron_axe":315,"minecraft:furnace":3,"minecraft:cooked_beef":3,"minecraft:acacia_planks":52,"minecraft:cooked_mutton":2,"minecraft:acacia_boat":2,"minecraft:leather_leggings":1,"minecraft:stone_pickaxe":122,"minecraft:acacia_trapdoor":19,"minecraft:oak_planks":112,"minecraft:birch_boat":1,"minecraft:wooden_pickaxe":3,"minecraft:fletching_table":5,"minecraft:mossy_cobblestone":1,"minecraft:blast_furnace":1,"minecraft:crafting_table":7,"minecraft:white_bed":10,"minecraft:apple":2,"minecraft:bread":2,"minecraft:iron_pickaxe":249,"minecraft:stone_axe":242,"minecraft:cobblestone":18,"minecraft:cooked_porkchop":1,"minecraft:smithing_table":2},"minecraft:killed_by":{"minecraft:drowned":1,"minecraft:skeleton":1,"minecraft:zombie":3},"minecraft:dropped":{"minecraft:acacia_wood":23,"minecraft:moss_block":1,"minecraft:wheat_seeds":2,"minecraft:cobblestone":1,"minecraft:feather":8,"minecraft:leather_helmet":2,"minecraft:potion":1,"minecraft:sand":17,"minecraft:gravel":2,"minecraft:stone_axe":1,"minecraft:kelp":32,"minecraft:iron_nugget":5,"minecraft:cooked_chicken":5,"minecraft:stone_sword":1,"minecraft:wheat":9,"minecraft:oak_planks":16,"minecraft:filled_map":1,"minecraft:leather_chestplate":2,"minecraft:leather_boots":1,"minecraft:acacia_sapling":12,"minecraft:leather_leggings":2,"minecraft:stone_pickaxe":2,"minecraft:wooden_pickaxe":2},"minecraft:custom":{"minecraft:mob_kills":27,"minecraft:inspect_hopper":3,"minecraft:interact_with_crafting_table":43,"minecraft:bell_ring":20,"minecraft:leave_game":1,"minecraft:time_since_death":29336,"minecraft:sprint_one_cm":318101,"minecraft:walk_one_cm":358951,"minecraft:drop":40,"minecraft:talked_to_villager":4,"minecraft:play_time":164373,"minecraft:deaths":6,"minecraft:sneak_time":2666,"minecraft:walk_under_water_one_cm":18217,"minecraft:boat_one_cm":1492386,"minecraft:jump":1650,"minecraft:walk_on_water_one_cm":25732,"minecraft:total_world_time":164373,"minecraft:interact_with_furnace":39,"minecraft:interact_with_cartography_table":2,"minecraft:sleep_in_bed":5,"minecraft:time_since_rest":29822,"minecraft:damage_taken":2141,"minecraft:damage_dealt":2899,"minecraft:swim_one_cm":43211,"minecraft:fly_one_cm":290997,"minecraft:open_chest":128,"minecraft:crouch_one_cm":6725,"minecraft:fall_one_cm":43191},"minecraft:picked_up":{"minecraft:crafting_table":9,"minecraft:wheat":8,"minecraft:chicken":6,"minecraft:flower_pot":2,"minecraft:leather_leggings":2,"minecraft:smithing_table":1,"minecraft:wooden_pickaxe":1,"minecraft:diamond_horse_armor":2,"minecraft:string":2,"minecraft:music_disc_cat":2,"minecraft:red_bed":1,"minecraft:acacia_door":6,"minecraft:orange_glazed_terracotta":1,"minecraft:white_carpet":1,"minecraft:cartography_table":1,"minecraft:iron_nugget":15,"minecraft:iron_pickaxe":1,"minecraft:chest":9,"minecraft:birch_sapling":1,"minecraft:spruce_trapdoor":1,"minecraft:egg":4,"minecraft:furnace":11,"minecraft:dark_oak_sapling":3,"minecraft:stick":31,"minecraft:raw_iron":27,"minecraft:acacia_fence":10,"minecraft:copper_ingot":1,"minecraft:torch":42,"minecraft:acacia_log":145,"minecraft:porkchop":18,"minecraft:cauldron":2,"minecraft:orange_bed":4,"minecraft:stone_sword":4,"minecraft:rotten_flesh":4,"minecraft:beetroot_seeds":3,"minecraft:hay_block":13,"minecraft:gold_ingot":2,"minecraft:mutton":46,"minecraft:white_wool":14,"minecraft:cobblestone":118,"minecraft:birch_log":18,"minecraft:leather_chestplate":1,"minecraft:feather":9,"minecraft:cooked_beef":5,"minecraft:andesite":21,"minecraft:acacia_wood":46,"minecraft:flint":5,"minecraft:oak_log":29,"minecraft:acacia_boat":2,"minecraft:dirt":24,"minecraft:cooked_mutton":9,"minecraft:bone":10,"minecraft:acacia_planks":181,"minecraft:apple":2,"minecraft:kelp":50,"minecraft:stonecutter":1,"minecraft:wheat_seeds":14,"minecraft:acacia_trapdoor":9,"minecraft:raw_gold":5,"minecraft:bell":1,"minecraft:grindstone":2,"minecraft:iron_ingot":18,"minecraft:stone_pickaxe":5,"minecraft:cooked_chicken":5,"minecraft:tall_grass":1,"minecraft:fletching_table":3,"minecraft:moss_block":1,"minecraft:oak_planks":52,"minecraft:acacia_sapling":32,"minecraft:cooked_porkchop":4,"minecraft:gravel":11,"minecraft:sand":17,"minecraft:spruce_sapling":16,"minecraft:blast_furnace":3,"minecraft:white_bed":9,"minecraft:spruce_log":59,"minecraft:acacia_stairs":152,"minecraft:mossy_cobblestone":4,"minecraft:stone_axe":1,"minecraft:short_grass":1,"minecraft:granite":13,"minecraft:bread":15,"minecraft:acacia_slab":28,"minecraft:oak_sapling":3,"minecraft:brown_banner":4,"minecraft:melon_seeds":2,"minecraft:coal":393,"minecraft:hopper":3},"minecraft:broken":{"minecraft:iron_axe":1,"minecraft:stone_axe":1},"minecraft:crafted":{"minecraft:oak_planks":156,"minecraft:leather_boots":1,"minecraft:birch_boat":1,"minecraft:cooked_chicken":5,"minecraft:furnace":1,"minecraft:cooked_mutton":7,"minecraft:hopper":7,"minecraft:iron_boots":1,"minecraft:iron_axe":2,"minecraft:stone_pickaxe":1,"minecraft:chest":13,"minecraft:cooked_porkchop":6,"minecraft:crafting_table":3,"minecraft:wooden_pickaxe":1,"minecraft:iron_helmet":1,"minecraft:iron_sword":1,"minecraft:acacia_trapdoor":14,"minecraft:smithing_table":1,"minecraft:leather_helmet":1,"minecraft:fletching_table":3,"minecraft:birch_planks":24,"minecraft:stone_axe":3,"minecraft:acacia_boat":1,"minecraft:air":0,"minecraft:iron_chestplate":1,"minecraft:stick":68,"minecraft:leather_chestplate":1,"minecraft:iron_ingot":32,"minecraft:iron_pickaxe":2,"minecraft:stone_sword":1,"minecraft:iron_shovel":1,"minecraft:iron_leggings":1,"minecraft:white_bed":1,"minecraft:acacia_planks":196,"minecraft:torch":224},"minecraft:killed":{"minecraft:chicken":6,"minecraft:pig":8,"minecraft:sheep":8,"minecraft:zombie":5}},"DataVersion":3839}