{"stats":{"minecraft:mined":{"minecraft:tuff":1,"minecraft:acacia_leaves":2,"minecraft:deepslate_diamond_ore":1,"minecraft:crafting_table":2,"minecraft:torch":1,"minecraft:granite":2,"minecraft:short_grass":21,"minecraft:acacia_log":6,"minecraft:calcite":1,"minecraft:tall_grass":2,"minecraft:lapis_ore":8,"minecraft:deepslate_gold_ore":11,"minecraft:oak_planks":3,"minecraft:diorite":8,"minecraft:wall_torch":2,"minecraft:redstone_ore":2,"minecraft:furnace":2,"minecraft:iron_ore":96,"minecraft:andesite":3,"minecraft:deepslate_lapis_ore":6,"minecraft:coal_ore":114,"minecraft:oak_log":5,"minecraft:deepslate_iron_ore":28,"minecraft:gravel":1,"minecraft:stone":79,"minecraft:gold_ore":30,"minecraft:deepslate":32},"minecraft:used":{"minecraft:water_bucket":6,"minecraft:acacia_log":1,"minecraft:oak_planks":4,"minecraft:shield":20,"minecraft:iron_sword":128,"minecraft:torch":265,"minecraft:crafting_table":2,"minecraft:melon_slice":2,"minecraft:iron_pickaxe":429,"minecraft:cobblestone":45,"minecraft:furnace":2,"minecraft:andesite":1,"minecraft:bucket":7,"minecraft:cobbled_deepslate":1,"minecraft:cooked_beef":22},"minecraft:killed_by":{"minecraft:skeleton":2,"minecraft:creeper":1},"minecraft:dropped":{"minecraft:wheat_seeds":3,"minecraft:leather_boots":1,"minecraft:acacia_sapling":2,"minecraft:stone_pickaxe":1,"minecraft:acacia_planks":1,"minecraft:redstone":8},"minecraft:custom":{"minecraft:interact_with_furnace":38,"minecraft:mob_kills":33,"minecraft:interact_with_crafting_table":8,"minecraft:leave_game":2,"minecraft:time_since_death":74,"minecraft:sleep_in_bed":1,"minecraft:time_since_rest":325,"minecraft:sprint_one_cm":311578,"minecraft:damage_taken":2150,"minecraft:walk_one_cm":321338,"minecraft:damage_blocked_by_shield":1349,"minecraft:drop":8,"minecraft:damage_dealt":5464,"minecraft:swim_one_cm":22430,"minecraft:fly_one_cm":186169,"minecraft:open_chest":84,"minecraft:crouch_one_cm":1391,"minecraft:play_time":89689,"minecraft:deaths":3,"minecraft:sneak_time":491,"minecraft:walk_under_water_one_cm":7107,"minecraft:jump":1309,"minecraft:walk_on_water_one_cm":23179,"minecraft:total_world_time":89689,"minecraft:fall_one_cm":18727},"minecraft:picked_up":{"minecraft:iron_chestplate":1,"minecraft:crafting_table":3,"minecraft:cooked_beef":16,"minecraft:andesite":3,"minecraft:flint":2,"minecraft:tuff":2,"minecraft:oak_log":10,"minecraft:golden_boots":1,"minecraft:gunpowder":15,"minecraft:music_disc_cat":1,"minecraft:lapis_lazuli":150,"minecraft:raw_copper":1,"minecraft:cooked_salmon":14,"minecraft:iron_axe":1,"minecraft:name_tag":1,"minecraft:iron_leggings":1,"minecraft:leather_boots":3,"minecraft:bone":24,"minecraft:acacia_planks":15,"minecraft:wheat_seeds":7,"minecraft:cobbled_deepslate":51,"minecraft:raw_gold":49,"minecraft:bucket":1,"minecraft:iron_ingot":6,"minecraft:stone_pickaxe":1,"minecraft:iron_pickaxe":4,"minecraft:melon_slice":32,"minecraft:oak_planks":3,"minecraft:iron_sword":2,"minecraft:acacia_sapling":2,"minecraft:iron_boots":1,"minecraft:furnace":4,"minecraft:stick":33,"minecraft:raw_iron":182,"minecraft:torch":40,"minecraft:acacia_log":6,"minecraft:gravel":6,"minecraft:porkchop":23,"minecraft:diorite":13,"minecraft:redstone":16,"minecraft:arrow":9,"minecraft:rotten_flesh":22,"minecraft:diamond":1,"minecraft:iron_helmet":1,"minecraft:armadillo_scute":1,"minecraft:granite":4,"minecraft:golden_apple":2,"minecraft:bread":4,"minecraft:mutton":2,"minecraft:coal":137,"minecraft:white_wool":1,"minecraft:cobblestone":230},"minecraft:broken":{"minecraft:iron_pickaxe":1},"minecraft:crafted":{"minecraft:cooked_beef":16,"minecraft:oak_planks":20,"minecraft:crafting_table":1,"minecraft:iron_helmet":1,"minecraft:iron_sword":1,"minecraft:furnace":2,"minecraft:air":0,"minecraft:iron_boots":1,"minecraft:iron_chestplate":1,"minecraft:shield":1,"minecraft:stick":88,"minecraft:iron_ingot":36,"minecraft:iron_pickaxe":2,"minecraft:iron_leggings":1,"minecraft:acacia_planks":20,"minecraft:torch":284},"minecraft:killed":{"minecraft:armadillo":1,"minecraft:pig":10,"minecraft:spider":2,"minecraft:creeper":2,"minecraft:sheep":1,"minecraft:skeleton":7,"minecraft:zombie":7,"minecraft:drowned":2}},"DataVersion":3839}