{"stats":{"minecraft:used":{"minecraft:diamond_sword":11},"minecraft:custom":{"minecraft:time_since_rest":4103,"minecraft:damage_dealt":679,"minecraft:damage_taken":220,"minecraft:leave_game":3,"minecraft:play_time":4103,"minecraft:sprint_one_cm":2621,"minecraft:time_since_death":4103,"minecraft:walk_on_water_one_cm":794,"minecraft:walk_one_cm":9959,"minecraft:sneak_time":159,"minecraft:total_world_time":4103,"minecraft:walk_under_water_one_cm":8157,"minecraft:mob_kills":3,"minecraft:swim_one_cm":8795,"minecraft:fly_one_cm":10063,"minecraft:jump":26},"minecraft:picked_up":{"minecraft:rotten_flesh":1},"minecraft:killed":{"minecraft:zombie":2,"minecraft:enderman":1}},"DataVersion":3465}