{"stats":{"minecraft:mined":{"minecraft:dark_oak_planks":92,"minecraft:attached_melon_stem":1,"minecraft:spruce_planks":60,"minecraft:white_bed":2,"minecraft:farmland":9,"minecraft:dark_oak_leaves":11,"minecraft:dark_oak_log":197,"minecraft:spruce_trapdoor":1,"minecraft:dark_oak_fence":2,"minecraft:acacia_log":69,"minecraft:grass_block":48,"minecraft:spruce_fence":10,"minecraft:jungle_planks":3,"minecraft:jungle_log":16,"minecraft:kelp":2,"minecraft:furnace":1,"minecraft:acacia_stairs":27,"minecraft:fletching_table":2,"minecraft:dark_oak_stairs":64,"minecraft:potatoes":28,"minecraft:vine":4,"minecraft:dirt_path":2,"minecraft:bamboo":21,"minecraft:stone":41,"minecraft:spruce_slab":11,"minecraft:orange_bed":1,"minecraft:acacia_leaves":15,"minecraft:melon_stem":13,"minecraft:smoker":1,"minecraft:spruce_door":2,"minecraft:crafting_table":7,"minecraft:torch":3,"minecraft:short_grass":142,"minecraft:poppy":1,"minecraft:melon":14,"minecraft:chest":10,"minecraft:dead_bush":7,"minecraft:rose_bush":1,"minecraft:tall_grass":3,"minecraft:sugar_cane":26,"minecraft:oak_planks":26,"minecraft:spruce_stairs":19,"minecraft:seagrass":1,"minecraft:birch_planks":12,"minecraft:cactus":2,"minecraft:dark_oak_slab":1,"minecraft:birch_log":6,"minecraft:wheat":91,"minecraft:coal_ore":17,"minecraft:oak_log":6,"minecraft:beetroots":2,"minecraft:cocoa":6,"minecraft:dark_oak_sapling":1,"minecraft:acacia_door":3,"minecraft:sand":71,"minecraft:dirt":9,"minecraft:acacia_planks":2,"minecraft:netherrack":1,"minecraft:oak_leaves":16,"minecraft:fern":7},"minecraft:used":{"minecraft:iron_shovel":53,"minecraft:rose_bush":1,"minecraft:stone_sword":88,"minecraft:acacia_log":5,"minecraft:flint_and_steel":1,"minecraft:stone_shovel":72,"minecraft:chest":5,"minecraft:rotten_flesh":4,"minecraft:stone_hoe":40,"minecraft:cooked_chicken":2,"minecraft:torch":3,"minecraft:dirt":39,"minecraft:iron_axe":387,"minecraft:iron_helmet":1,"minecraft:bamboo":7,"minecraft:furnace":2,"minecraft:cooked_beef":4,"minecraft:potato":76,"minecraft:acacia_planks":2,"minecraft:dark_oak_sapling":24,"minecraft:wheat_seeds":40,"minecraft:water_bucket":7,"minecraft:acacia_boat":7,"minecraft:spruce_door":2,"minecraft:birch_planks":12,"minecraft:stone_pickaxe":58,"minecraft:oak_planks":28,"minecraft:wooden_pickaxe":3,"minecraft:leather_chestplate":1,"minecraft:fletching_table":2,"minecraft:sugar_cane":38,"minecraft:sand":6,"minecraft:crafting_table":9,"minecraft:white_bed":2,"minecraft:campfire":1,"minecraft:dark_oak_door":1,"minecraft:apple":1,"minecraft:acacia_door":3,"minecraft:melon_slice":4,"minecraft:stone_axe":335,"minecraft:cooked_porkchop":5,"minecraft:bucket":8,"minecraft:gray_wool":1,"minecraft:bone_meal":17},"minecraft:dropped":{"minecraft:iron_ingot":14,"minecraft:bread":15,"minecraft:short_grass":1,"minecraft:wheat_seeds":63,"minecraft:crafting_table":1,"minecraft:cooked_porkchop":4,"minecraft:feather":2,"minecraft:rose_bush":1,"minecraft:cooked_salmon":14,"minecraft:fire_charge":2,"minecraft:acacia_planks":65,"minecraft:stone_axe":10,"minecraft:iron_nugget":15,"minecraft:wheat":6,"minecraft:tall_grass":1,"minecraft:rotten_flesh":1,"minecraft:filled_map":2,"minecraft:spruce_trapdoor":1,"minecraft:hopper":6,"minecraft:acacia_sapling":10},"minecraft:custom":{"minecraft:mob_kills":43,"minecraft:inspect_hopper":22,"minecraft:interact_with_crafting_table":36,"minecraft:interact_with_campfire":12,"minecraft:bell_ring":1,"minecraft:leave_game":1,"minecraft:time_since_death":166336,"minecraft:climb_one_cm":1138,"minecraft:sprint_one_cm":273578,"minecraft:walk_one_cm":588692,"minecraft:drop":42,"minecraft:talked_to_villager":41,"minecraft:play_time":166336,"minecraft:sneak_time":2340,"minecraft:walk_under_water_one_cm":43868,"minecraft:boat_one_cm":251520,"minecraft:jump":1780,"minecraft:walk_on_water_one_cm":28048,"minecraft:total_world_time":166336,"minecraft:interact_with_furnace":26,"minecraft:traded_with_villager":65,"minecraft:sleep_in_bed":5,"minecraft:time_since_rest":228,"minecraft:damage_taken":640,"minecraft:damage_dealt":5039,"minecraft:swim_one_cm":115061,"minecraft:fly_one_cm":341220,"minecraft:open_chest":188,"minecraft:crouch_one_cm":3662,"minecraft:fall_one_cm":34701,"minecraft:horse_one_cm":381},"minecraft:picked_up":{"minecraft:cocoa_beans":16,"minecraft:crafting_table":8,"minecraft:wheat":99,"minecraft:chicken":2,"minecraft:acacia_door":3,"minecraft:spruce_planks":59,"minecraft:beef":34,"minecraft:rose_bush":2,"minecraft:poppy":3,"minecraft:spruce_slab":11,"minecraft:light_gray_wool":1,"minecraft:melon_slice":64,"minecraft:sugar_cane":37,"minecraft:chest":10,"minecraft:spruce_trapdoor":1,"minecraft:furnace":1,"minecraft:dark_oak_door":1,"minecraft:dark_oak_sapling":24,"minecraft:stick":48,"minecraft:torch":4,"minecraft:acacia_log":68,"minecraft:spruce_stairs":19,"minecraft:spruce_fence":12,"minecraft:fire_charge":2,"minecraft:porkchop":9,"minecraft:dark_oak_planks":126,"minecraft:orange_bed":1,"minecraft:tnt":2,"minecraft:cactus":13,"minecraft:rotten_flesh":6,"minecraft:beetroot_seeds":2,"minecraft:mutton":19,"minecraft:white_wool":10,"minecraft:cobblestone":40,"minecraft:birch_log":6,"minecraft:leather_chestplate":1,"minecraft:feather":2,"minecraft:cooked_beef":5,"minecraft:jungle_log":16,"minecraft:leather":17,"minecraft:smoker":1,"minecraft:potato":97,"minecraft:birch_planks":12,"minecraft:oak_log":6,"minecraft:acacia_boat":4,"minecraft:lapis_lazuli":4,"minecraft:dirt":66,"minecraft:apple":4,"minecraft:acacia_planks":58,"minecraft:kelp":1,"minecraft:wheat_seeds":221,"minecraft:heart_of_the_sea":1,"minecraft:iron_ingot":3,"minecraft:cooked_chicken":2,"minecraft:fletching_table":2,"minecraft:bamboo":229,"minecraft:acacia_sapling":8,"minecraft:oak_planks":26,"minecraft:dark_oak_stairs":61,"minecraft:dark_oak_slab":1,"minecraft:cooked_porkchop":5,"minecraft:poisonous_potato":1,"minecraft:sand":70,"minecraft:jungle_planks":3,"minecraft:ink_sac":1,"minecraft:white_bed":2,"minecraft:acacia_stairs":25,"minecraft:dark_oak_log":199,"minecraft:spruce_door":3,"minecraft:diamond":1,"minecraft:stone_axe":1,"minecraft:iron_helmet":1,"minecraft:gray_wool":3,"minecraft:bread":6,"minecraft:dark_oak_fence":2,"minecraft:oak_sapling":1,"minecraft:melon_seeds":24,"minecraft:coal":17,"minecraft:hopper":6},"minecraft:broken":{"minecraft:iron_axe":1,"minecraft:stone_axe":3},"minecraft:crafted":{"minecraft:oak_planks":24,"minecraft:stone_shovel":1,"minecraft:furnace":1,"minecraft:bone_meal":15,"minecraft:flint_and_steel":1,"minecraft:iron_axe":2,"minecraft:stone_pickaxe":1,"minecraft:dark_oak_planks":672,"minecraft:stone_hoe":2,"minecraft:wheat":27,"minecraft:emerald":43,"minecraft:cooked_porkchop":4,"minecraft:crafting_table":3,"minecraft:wooden_pickaxe":1,"minecraft:bucket":1,"minecraft:hay_block":3,"minecraft:birch_planks":24,"minecraft:campfire":1,"minecraft:stone_axe":12,"minecraft:air":0,"minecraft:acacia_boat":4,"minecraft:jungle_planks":52,"minecraft:stick":1716,"minecraft:chainmail_boots":12,"minecraft:iron_pickaxe":1,"minecraft:stone_sword":1,"minecraft:iron_shovel":1,"minecraft:acacia_door":3,"minecraft:white_bed":1,"minecraft:acacia_planks":152},"minecraft:killed":{"minecraft:chicken":2,"minecraft:drowned":3,"minecraft:pig":4,"minecraft:iron_golem":1,"minecraft:sheep":14,"minecraft:zombie":2,"minecraft:cow":16}},"DataVersion":3839}