{"stats":{"minecraft:killed":{"minecraft:vindicator":1,"minecraft:pillager":2,"enemyexpansion:huntsman":1},"minecraft:crafted":{"minecraft:oak_planks":20,"minecraft:crafting_table":4,"minecraft:spruce_planks":12,"minecraft:wooden_pickaxe":2,"minecraft:stone_axe":1,"minecraft:stick":16,"minecraft:stone_pickaxe":2,"minecraft:stone_sword":1,"minecraft:torch":16},"minecraft:dropped":{"minecraft:mangrove_roots":1,"minecraft:mangrove_propagule":1,"minecraft:stone":2,"gravestone:obituary":4,"minecraft:bone":2},"minecraft:killed_by":{"minecraft:pillager":3,"irons_spellbooks:archevoker":1},"minecraft:used":{"minecraft:water_bucket":19,"minecraft:stone_sword":26,"minecraft:stone_pickaxe":126,"minecraft:chest":2,"minecraft:wooden_pickaxe":37,"minecraft:green_bed":1,"minecraft:cracked_stone_bricks":10,"minecraft:torch":13,"minecraft:crafting_table":4,"minecraft:apple":1,"minecraft:string":1,"minecraft:melon_slice":3,"minecraft:rooted_dirt":2,"minecraft:bread":7,"minecraft:packed_mud":1,"minecraft:iron_pickaxe":3,"minecraft:stone_bricks":28,"minecraft:stone_axe":14,"minecraft:cobblestone":11,"minecraft:written_book":1,"minecraft:mangrove_roots":1,"minecraft:bucket":21,"minecraft:coarse_dirt":1,"minecraft:experience_bottle":3},"minecraft:mined":{"minecraft:oak_slab":1,"minecraft:spruce_planks":1,"minecraft:mossy_cobblestone":3,"minecraft:stripped_dark_oak_log":1,"minecraft:mangrove_roots":3,"minecraft:ladder":3,"minecraft:crafting_table":1,"gravestone:gravestone":2,"minecraft:grass_block":3,"minecraft:chest":16,"minecraft:cobblestone":5,"minecraft:oak_planks":4,"minecraft:sugar_cane":4,"minecraft:mangrove_propagule":1,"minecraft:wall_torch":6,"minecraft:raw_iron_block":1,"minecraft:dark_oak_slab":1,"minecraft:stripped_spruce_wood":4,"minecraft:mud":2,"minecraft:barrel":7,"treechop:chopped_log":1,"minecraft:stone_brick_stairs":1,"minecraft:mangrove_leaves":11,"minecraft:grass":3,"minecraft:coal_ore":9,"minecraft:beetroots":1,"minecraft:oak_stairs":1,"minecraft:dirt":2,"minecraft:cobweb":10,"minecraft:cracked_stone_bricks":14,"minecraft:stone_bricks":59,"minecraft:stone":56,"minecraft:tripwire":1,"minecraft:green_bed":1},"minecraft:picked_up":{"minecraft:cocoa_beans":15,"minecraft:mud":9,"minecraft:coarse_dirt":1,"minecraft:crafting_table":1,"minecraft:ladder":3,"minecraft:water_bucket":1,"hmag:reinforcing_chain":3,"minecraft:oak_stairs":1,"minecraft:packed_mud":3,"minecraft:flint":2,"minecraft:stone_brick_stairs":1,"minecraft:stripped_spruce_wood":4,"minecraft:oak_log":5,"gravestone:obituary":1,"minecraft:string":13,"minecraft:dirt":5,"minecraft:item_frame":2,"minecraft:bone":6,"minecraft:stone_bricks":57,"minecraft:cracked_stone_bricks":14,"minecraft:wheat_seeds":10,"minecraft:spruce_planks":1,"minecraft:iron_ingot":13,"minecraft:jungle_sapling":6,"minecraft:tall_grass":4,"minecraft:iron_pickaxe":2,"minecraft:bamboo":2,"minecraft:melon_slice":16,"minecraft:sugar_cane":6,"minecraft:chest":16,"minecraft:oak_planks":4,"minecraft:oak_slab":1,"minecraft:stick":17,"minecraft:dark_oak_slab":1,"minecraft:stone":2,"minecraft:green_bed":1,"minecraft:torch":8,"minecraft:raw_iron_block":1,"artifacts:vampiric_glove":2,"minecraft:redstone":3,"minecraft:spruce_door":1,"minecraft:barrel":5,"minecraft:mossy_cobblestone":3,"minecraft:arrow":6,"minecraft:rotten_flesh":9,"minecraft:crossbow":1,"minecraft:emerald":1,"minecraft:mangrove_roots":4,"minecraft:saddle":1,"minecraft:bread":14,"minecraft:rooted_dirt":2,"minecraft:oak_sapling":3,"minecraft:stripped_dark_oak_log":1,"minecraft:melon_seeds":3,"minecraft:mangrove_propagule":1,"minecraft:coal":12,"minecraft:cod":2,"minecraft:cobblestone":66},"minecraft:custom":{"minecraft:mob_kills":5,"minecraft:interact_with_crafting_table":7,"minecraft:open_barrel":16,"minecraft:bell_ring":2,"minecraft:leave_game":1,"minecraft:sleep_in_bed":3,"minecraft:time_since_death":670,"minecraft:climb_one_cm":2143,"minecraft:time_since_rest":696,"minecraft:waystone_activated":1,"minecraft:sprint_one_cm":67370,"minecraft:damage_taken":1974,"minecraft:walk_one_cm":234291,"minecraft:drop":10,"minecraft:damage_dealt":1623,"minecraft:swim_one_cm":1935,"minecraft:fly_one_cm":46856,"minecraft:open_chest":35,"minecraft:crouch_one_cm":6725,"minecraft:play_time":53559,"minecraft:deaths":5,"minecraft:sneak_time":3258,"minecraft:walk_under_water_one_cm":15635,"minecraft:interact_with_lectern":1,"minecraft:jump":602,"minecraft:interact_with_blast_furnace":5,"minecraft:walk_on_water_one_cm":11657,"minecraft:total_world_time":53559,"minecraft:fall_one_cm":17451}},"DataVersion":3465}