{"stats":{"minecraft:used":{"minecraft:moss_block":5,"minecraft:flint_and_steel":27,"minecraft:stone_shovel":6,"minecraft:spruce_planks":3,"minecraft:chest":3,"minecraft:netherrack":4,"minecraft:dirt":5,"minecraft:lava_bucket":12,"minecraft:iron_helmet":1,"minecraft:crimson_planks":4,"minecraft:hay_block":9,"minecraft:furnace":2,"minecraft:beetroot_seeds":2,"minecraft:oak_chest_boat":3,"minecraft:brown_bed":4,"minecraft:leather_leggings":1,"minecraft:oak_planks":35,"minecraft:wooden_pickaxe":21,"minecraft:spruce_sign":2,"minecraft:white_wool":1,"minecraft:crafting_table":6,"simplyswords:iron_twinblade":158,"minecraft:blast_furnace":1,"minecraft:apple":2,"minecraft:bread":23,"minecraft:iron_pickaxe":241,"minecraft:map":1,"minecraft:stone_axe":112,"minecraft:grindstone":1,"minecraft:smithing_table":1,"minecraft:bucket":13},"minecraft:custom":{"minecraft:interact_with_smithing_table":3,"minecraft:mob_kills":33,"minecraft:interact_with_crafting_table":26,"minecraft:open_barrel":11,"minecraft:bell_ring":1,"minecraft:damage_dealt_resisted":60,"minecraft:leave_game":2,"minecraft:time_since_death":41871,"minecraft:climb_one_cm":11473,"minecraft:sprint_one_cm":161235,"minecraft:walk_one_cm":382887,"minecraft:drop":17,"minecraft:damage_dealt_absorbed":40,"minecraft:talked_to_villager":2,"minecraft:play_time":104223,"minecraft:sneak_time":1372,"minecraft:deaths":6,"minecraft:walk_under_water_one_cm":15044,"minecraft:jump":1242,"minecraft:interact_with_blast_furnace":12,"minecraft:walk_on_water_one_cm":15313,"minecraft:total_world_time":104223,"minecraft:interact_with_furnace":17,"minecraft:sleep_in_bed":8,"minecraft:time_since_rest":11476,"minecraft:waystone_activated":1,"minecraft:damage_taken":2611,"minecraft:damage_dealt":7472,"minecraft:swim_one_cm":55067,"minecraft:fly_one_cm":204839,"minecraft:open_chest":99,"minecraft:crouch_one_cm":2956,"minecraft:fall_one_cm":22023,"minecraft:inspect_dispenser":1},"minecraft:picked_up":{"minecraft:cocoa_beans":6,"minecraft:charcoal":12,"minecraft:crafting_table":7,"minecraft:allium":15,"minecraft:smithing_table":2,"minecraft:brown_bed":4,"minecraft:gold_block":1,"minecraft:crimson_planks":16,"gravestone:obituary":1,"minecraft:string":8,"minecraft:raw_copper":128,"minecraft:flint_and_steel":5,"minecraft:iron_leggings":1,"minecraft:purple_banner":4,"minecraft:beetroot":3,"farmersdelight:cabbage":4,"minecraft:spruce_planks":25,"minecraft:jungle_sapling":3,"minecraft:iron_pickaxe":1,"minecraft:poppy":1,"minecraft:spruce_slab":9,"minecraft:sugar_cane":2,"minecraft:chest":14,"minecraft:birch_sapling":2,"minecraft:iron_boots":1,"farmersdelight:cabbage_seeds":13,"minecraft:spruce_trapdoor":2,"minecraft:furnace":2,"minecraft:raw_iron":7,"minecraft:stick":16,"minecraft:redstone":21,"minecraft:cauldron":1,"minecraft:purple_terracotta":4,"minecraft:tnt":8,"minecraft:rotten_flesh":10,"minecraft:arrow":8,"minecraft:beetroot_seeds":6,"farmersdelight:onion":7,"minecraft:hay_block":41,"minecraft:oak_chest_boat":3,"epicsamurai:spirit_stone_base":1,"minecraft:white_wool":3,"minecraft:skeleton_skull":1,"minecraft:cobblestone":24,"minecraft:birch_log":6,"minecraft:sponge":2,"minecraft:jungle_log":5,"minecraft:potato":1,"minecraft:filled_map":1,"paraglider:spirit_orb":2,"minecraft:flint":16,"minecraft:oak_log":21,"minecraft:gunpowder":134,"skilltree:gem":43,"minecraft:dirt":28,"minecraft:bone":5,"minecraft:apple":7,"minecraft:iron_ingot":19,"minecraft:wheat_seeds":5,"minecraft:spruce_wood":38,"minecraft:grindstone":2,"minecraft:cobweb":11,"minecraft:bamboo":15,"minecraft:moss_block":1,"minecraft:polished_andesite_slab":1,"minecraft:iron_sword":1,"minecraft:oak_planks":29,"minecraft:polished_andesite_stairs":4,"minecraft:sand":4,"minecraft:blast_furnace":2,"minecraft:spruce_log":9,"minecraft:barrel":19,"minecraft:spider_eye":2,"minecraft:oak_wood":1,"minecraft:polished_andesite":5,"minecraft:diamond":4,"minecraft:iron_helmet":1,"minecraft:bread":21,"minecraft:spruce_sign":2,"minecraft:emerald":3,"minecraft:oak_sapling":10,"minecraft:netherrack":9,"minecraft:coal":125,"minecraft:sunflower":2},"minecraft:crafted":{"minecraft:oak_planks":52,"minecraft:coal":9,"minecraft:stone_shovel":1,"simplyswords:iron_twinblade":1,"minecraft:furnace":2,"minecraft:raw_copper_block":14,"sophisticatedbackpacks:copper_backpack":1,"minecraft:iron_boots":1,"minecraft:leather":25,"minecraft:raw_copper":126,"sophisticatedbackpacks:iron_backpack":1,"minecraft:coal_block":12,"minecraft:red_dye":1,"sophisticatedbackpacks:backpack":1,"minecraft:crafting_table":2,"minecraft:wooden_pickaxe":1,"skilltree:scholar_necklace":1,"minecraft:copper_ingot":128,"sophisticatedbackpacks:gold_backpack":2,"minecraft:bucket":1,"minecraft:birch_planks":24,"minecraft:stone_axe":1,"minecraft:air":0,"minecraft:jungle_planks":20,"minecraft:oak_boat":1,"minecraft:oak_chest_boat":1,"minecraft:gold_nugget":9,"minecraft:stick":12,"minecraft:iron_ingot":8,"minecraft:iron_pickaxe":1,"minecraft:gold_ingot":10,"minecraft:iron_leggings":1},"minecraft:killed":{"minecraft:vindicator":6,"minecraft:spider":5,"minecraft:skeleton":4,"enemyexpansion:sprinter":1,"minecraft:pillager":10,"minecraft:zombie":6,"minecraft:enderman":1},"minecraft:mined":{"minecraft:spruce_planks":25,"minecraft:spruce_trapdoor":2,"gravestone:gravestone":6,"minecraft:purple_terracotta":4,"minecraft:grass_block":12,"minecraft:redstone_wire":3,"minecraft:polished_andesite_slab":1,"farmersdelight:wild_cabbages":13,"minecraft:moss_block":1,"minecraft:spawner":1,"minecraft:hay_block":41,"farmersdelight:wild_onions":7,"minecraft:furnace":2,"minecraft:barrel":11,"minecraft:iron_ore":7,"minecraft:fire":23,"treechop:chopped_log":3,"minecraft:gold_block":1,"minecraft:brown_bed":5,"minecraft:water_cauldron":1,"minecraft:vine":1,"minecraft:bamboo":1,"minecraft:stone":22,"minecraft:white_wool":3,"minecraft:spruce_slab":5,"epicsamurai:spirit_stone_base":1,"minecraft:smithing_table":2,"minecraft:crafting_table":6,"minecraft:blast_furnace":2,"minecraft:oak_wood":1,"minecraft:sponge":2,"minecraft:polished_andesite_stairs":4,"minecraft:chest":12,"minecraft:campfire":6,"minecraft:cobblestone":2,"minecraft:tall_grass":5,"minecraft:copper_ore":36,"minecraft:grindstone":2,"minecraft:oak_planks":11,"minecraft:sugar_cane":2,"minecraft:skeleton_skull":1,"farmersdelight:sandy_shrub":10,"minecraft:spruce_log":9,"minecraft:grass":28,"minecraft:oak_log":8,"minecraft:coal_ore":109,"minecraft:beetroots":2,"minecraft:cocoa":1,"minecraft:sunflower":2,"minecraft:sand":4,"minecraft:dirt":16,"minecraft:crimson_planks":16,"minecraft:polished_andesite":5,"minecraft:netherrack":9},"minecraft:killed_by":{"minecraft:enderman":1,"minecraft:phantom":5},"minecraft:dropped":{"minecraft:wheat_seeds":1,"minecraft:polished_andesite":3,"gravestone:obituary":7,"minecraft:polished_andesite_stairs":4,"minecraft:sunflower":1,"minecraft:string":2,"minecraft:polished_andesite_slab":1,"minecraft:oak_planks":18,"minecraft:filled_map":2,"minecraft:leather_leggings":1}},"DataVersion":3465}