{"stats":{"minecraft:killed":{"minecraft:pig":3,"minecraft:sheep":4,"minecraft:pillager":2},"minecraft:crafted":{"minecraft:oak_planks":48,"minecraft:stone_shovel":1,"minecraft:crafting_table":3,"minecraft:wooden_pickaxe":1,"minecraft:furnace":2,"minecraft:stone_axe":1,"minecraft:cooked_mutton":6,"minecraft:air":0,"minecraft:oak_boat":1,"minecraft:stick":12,"minecraft:stone_pickaxe":1,"minecraft:stone_sword":1,"minecraft:chest":1,"minecraft:white_bed":1,"minecraft:acacia_planks":28},"minecraft:dropped":{"gravestone:obituary":1},"minecraft:killed_by":{"minecraft:vindicator":1,"minecraft:skeleton":1,"minecraft:pillager":1},"minecraft:used":{"minecraft:cooked_mutton":3,"minecraft:stone_sword":20,"minecraft:stone_shovel":8,"minecraft:stone_pickaxe":72,"minecraft:chest":2,"minecraft:wooden_pickaxe":3,"minecraft:oak_slab":1,"minecraft:crafting_table":4,"minecraft:white_bed":1,"minecraft:stone_axe":5,"minecraft:furnace":2,"minecraft:oak_boat":1},"minecraft:mined":{"minecraft:crafting_table":2,"minecraft:oak_wood":1,"minecraft:grass_block":1,"minecraft:chest":1,"minecraft:dead_bush":3,"minecraft:copper_ore":16,"farmersdelight:wild_cabbages":26,"farmersdelight:wild_tomatoes":4,"minecraft:sugar_cane":1,"farmersdelight:wild_beetroots":4,"farmersdelight:sandy_shrub":8,"minecraft:iron_ore":2,"treechop:chopped_log":3,"minecraft:grass":45,"minecraft:coal_ore":27,"minecraft:sand":8,"minecraft:dirt":1,"minecraft:stone":25},"minecraft:picked_up":{"minecraft:crafting_table":2,"epicsamurai:spirit_upgrade_smithing_template":1,"minecraft:oak_log":12,"skilltree:gem":9,"farmersdelight:tomato":1,"minecraft:dirt":2,"minecraft:white_banner":1,"minecraft:raw_copper":52,"minecraft:flint_and_steel":1,"minecraft:beetroot":2,"minecraft:wheat_seeds":5,"farmersdelight:cabbage":3,"minecraft:bell":1,"minecraft:sugar_cane":3,"minecraft:chest":1,"minecraft:acacia_sapling":6,"farmersdelight:cabbage_seeds":26,"minecraft:stick":10,"minecraft:raw_iron":2,"minecraft:acacia_log":7,"minecraft:porkchop":8,"minecraft:sand":8,"farmersdelight:tomato_seeds":4,"minecraft:oak_wood":1,"minecraft:beetroot_seeds":4,"waystones:waystone":1,"minecraft:oak_sapling":1,"minecraft:black_wool":1,"minecraft:mutton":6,"minecraft:coal":27,"minecraft:white_wool":3,"minecraft:cobblestone":25},"minecraft:custom":{"minecraft:interact_with_furnace":2,"minecraft:mob_kills":9,"minecraft:interact_with_crafting_table":13,"minecraft:open_barrel":3,"minecraft:interact_with_grindstone":1,"minecraft:time_since_death":10368,"minecraft:sleep_in_bed":1,"minecraft:time_since_rest":10398,"minecraft:waystone_activated":1,"minecraft:sprint_one_cm":55780,"minecraft:walk_one_cm":81136,"minecraft:damage_taken":920,"minecraft:drop":1,"minecraft:damage_dealt":1126,"minecraft:swim_one_cm":46429,"minecraft:fly_one_cm":451855,"minecraft:open_chest":9,"minecraft:crouch_one_cm":85,"minecraft:play_time":35660,"minecraft:deaths":3,"minecraft:sneak_time":621,"minecraft:walk_under_water_one_cm":5225,"minecraft:jump":516,"minecraft:walk_on_water_one_cm":5954,"minecraft:total_world_time":35660,"minecraft:fall_one_cm":9265}},"DataVersion":3465}