{"stats":{"minecraft:mined":{"minecraft:acacia_leaves":1,"minecraft:glass_pane":1,"minecraft:deepslate_diamond_ore":12,"minecraft:crafting_table":1,"minecraft:short_grass":5,"minecraft:acacia_log":24,"minecraft:grass_block":4,"minecraft:cobblestone":4,"minecraft:deepslate_gold_ore":6,"minecraft:diorite":41,"minecraft:dark_oak_door":1,"minecraft:iron_ore":3,"minecraft:acacia_stairs":1,"minecraft:andesite":2,"minecraft:potted_dandelion":1,"minecraft:coal_ore":9,"minecraft:deepslate_iron_ore":12,"minecraft:gravel":4,"minecraft:acacia_door":3,"minecraft:dirt":12,"minecraft:acacia_planks":14,"minecraft:stone":286,"minecraft:deepslate":75},"minecraft:used":{"minecraft:cooked_mutton":3,"minecraft:stone_sword":42,"minecraft:stone_pickaxe":260,"minecraft:shield":13,"minecraft:spruce_planks":6,"minecraft:wooden_pickaxe":9,"minecraft:iron_sword":56,"minecraft:cooked_salmon":13,"minecraft:dirt":8,"minecraft:crafting_table":1,"minecraft:dark_oak_door":3,"minecraft:acacia_door":4,"minecraft:iron_pickaxe":187,"minecraft:gravel":3,"minecraft:stone_axe":17,"minecraft:cobblestone":11,"minecraft:cooked_porkchop":9,"minecraft:acacia_planks":17,"minecraft:cobbled_deepslate":10},"minecraft:killed_by":{"minecraft:skeleton":5,"minecraft:creeper":4,"minecraft:spider":1,"minecraft:zombie":2,"minecraft:drowned":3},"minecraft:dropped":{"minecraft:cooked_mutton":28,"minecraft:acacia_log":17,"minecraft:shield":1,"minecraft:dark_oak_log":25},"minecraft:custom":{"minecraft:interact_with_furnace":41,"minecraft:mob_kills":23,"minecraft:interact_with_crafting_table":40,"minecraft:leave_game":1,"minecraft:time_since_death":16284,"minecraft:sleep_in_bed":3,"minecraft:time_since_rest":16309,"minecraft:sprint_one_cm":386825,"minecraft:damage_taken":5943,"minecraft:walk_one_cm":153038,"minecraft:damage_blocked_by_shield":526,"minecraft:drop":15,"minecraft:damage_dealt":4249,"minecraft:swim_one_cm":201713,"minecraft:fly_one_cm":364127,"minecraft:open_chest":139,"minecraft:crouch_one_cm":2967,"minecraft:play_time":101590,"minecraft:deaths":16,"minecraft:sneak_time":2846,"minecraft:walk_under_water_one_cm":22653,"minecraft:jump":1806,"minecraft:interact_with_blast_furnace":2,"minecraft:walk_on_water_one_cm":40901,"minecraft:total_world_time":101590,"minecraft:fall_one_cm":42113},"minecraft:picked_up":{"minecraft:iron_chestplate":1,"minecraft:crafting_table":1,"minecraft:andesite":8,"minecraft:golden_leggings":1,"minecraft:acacia_wood":4,"minecraft:gunpowder":2,"minecraft:lapis_lazuli":14,"minecraft:dirt":31,"minecraft:raw_copper":1,"minecraft:acacia_door":4,"minecraft:cooked_salmon":22,"minecraft:iron_leggings":1,"minecraft:bone":5,"minecraft:acacia_planks":67,"minecraft:wheat_seeds":4,"minecraft:cobbled_deepslate":137,"minecraft:raw_gold":21,"minecraft:spruce_planks":8,"minecraft:iron_ingot":3,"minecraft:stone_pickaxe":1,"minecraft:iron_pickaxe":4,"minecraft:iron_sword":1,"minecraft:iron_boots":2,"minecraft:dark_oak_door":1,"minecraft:stick":6,"minecraft:raw_iron":15,"minecraft:dandelion":3,"minecraft:acacia_log":32,"minecraft:gravel":14,"minecraft:diorite":95,"minecraft:acacia_stairs":16,"minecraft:golden_chestplate":1,"minecraft:dark_oak_planks":4,"minecraft:stone_sword":1,"minecraft:arrow":6,"minecraft:rotten_flesh":27,"minecraft:diamond":23,"minecraft:stone_axe":3,"minecraft:iron_helmet":1,"minecraft:coal":14,"minecraft:cobblestone":776,"minecraft:ender_pearl":1},"minecraft:crafted":{"minecraft:golden_chestplate":1,"minecraft:crafting_table":1,"minecraft:iron_helmet":1,"minecraft:iron_sword":2,"minecraft:stone_axe":1,"minecraft:dark_oak_door":3,"minecraft:iron_boots":1,"minecraft:iron_chestplate":2,"minecraft:golden_leggings":1,"minecraft:shield":1,"minecraft:stick":12,"minecraft:iron_ingot":1,"minecraft:iron_pickaxe":1,"minecraft:stone_pickaxe":4,"minecraft:iron_leggings":2,"minecraft:acacia_planks":36,"minecraft:dark_oak_planks":20},"minecraft:broken":{"minecraft:stone_pickaxe":1,"minecraft:stone_sword":1},"minecraft:killed":{"minecraft:spider":1,"minecraft:zombie":17,"minecraft:drowned":1,"minecraft:enderman":1}},"DataVersion":3839}