{"stats":{"minecraft:mined":{"minecraft:yellow_terracotta":4,"minecraft:tuff":16,"minecraft:deepslate_diamond_ore":31,"minecraft:granite":7,"minecraft:acacia_log":11,"minecraft:grass_block":1,"minecraft:spawner":1,"minecraft:hay_block":16,"minecraft:furnace":2,"minecraft:iron_ore":10,"minecraft:fire":6,"minecraft:cobbled_deepslate":4,"minecraft:acacia_wood":4,"minecraft:andesite":1,"minecraft:deepslate_lapis_ore":2,"minecraft:deepslate_iron_ore":44,"minecraft:stone":71,"minecraft:orange_bed":1,"minecraft:deepslate_redstone_ore":25,"minecraft:acacia_leaves":4,"minecraft:melon_stem":5,"minecraft:crafting_table":1,"minecraft:short_grass":20,"minecraft:melon":15,"minecraft:chest":1,"minecraft:tall_grass":2,"minecraft:deepslate_gold_ore":15,"minecraft:sugar_cane":6,"minecraft:oak_planks":3,"minecraft:amethyst_block":5,"minecraft:wheat":98,"minecraft:coal_ore":99,"minecraft:oak_log":12,"minecraft:dirt":3,"minecraft:gravel":6,"minecraft:sand":2,"minecraft:acacia_planks":3,"minecraft:oak_leaves":9,"minecraft:deepslate":113},"minecraft:used":{"minecraft:stone_sword":91,"minecraft:acacia_log":1,"minecraft:chest":6,"minecraft:shield":81,"minecraft:iron_sword":289,"minecraft:cooked_salmon":27,"minecraft:orange_bed":4,"minecraft:dirt":4,"minecraft:tuff":13,"minecraft:furnace":3,"minecraft:egg":2,"minecraft:acacia_planks":4,"minecraft:cobbled_deepslate":42,"minecraft:wheat_seeds":40,"minecraft:cooked_mutton":22,"minecraft:stone_pickaxe":59,"minecraft:oak_planks":10,"minecraft:wooden_pickaxe":19,"minecraft:crafting_table":5,"minecraft:red_bed":1,"minecraft:blast_furnace":1,"minecraft:white_bed":1,"minecraft:diamond_pickaxe":118,"minecraft:melon_slice":1,"minecraft:iron_pickaxe":256,"minecraft:gravel":3,"minecraft:cobblestone":7,"minecraft:cooked_porkchop":7},"minecraft:killed_by":{"minecraft:zombie":1},"minecraft:dropped":{"minecraft:wheat_seeds":98,"minecraft:iron_helmet":1,"minecraft:amethyst_block":5,"minecraft:granite":14,"minecraft:dirt":6,"minecraft:cooked_salmon":8,"minecraft:iron_leggings":1,"minecraft:iron_pickaxe":1,"minecraft:acacia_planks":1,"minecraft:cobbled_deepslate":4,"minecraft:stone_sword":2,"minecraft:oak_planks":2,"minecraft:iron_boots":1,"minecraft:iron_chestplate":1,"minecraft:spider_eye":2,"minecraft:stone_pickaxe":2,"minecraft:wooden_pickaxe":1},"minecraft:custom":{"minecraft:mob_kills":169,"minecraft:inspect_hopper":1,"minecraft:interact_with_crafting_table":43,"minecraft:bell_ring":10,"minecraft:leave_game":2,"minecraft:time_since_death":16177,"minecraft:sprint_one_cm":409025,"minecraft:walk_one_cm":455997,"minecraft:damage_blocked_by_shield":5010,"minecraft:drop":26,"minecraft:talked_to_villager":8,"minecraft:play_time":164882,"minecraft:deaths":1,"minecraft:sneak_time":5879,"minecraft:walk_under_water_one_cm":52078,"minecraft:jump":3097,"minecraft:interact_with_blast_furnace":1,"minecraft:walk_on_water_one_cm":83836,"minecraft:total_world_time":164882,"minecraft:interact_with_furnace":93,"minecraft:sleep_in_bed":3,"minecraft:time_since_rest":16211,"minecraft:damage_taken":3791,"minecraft:damage_dealt":16095,"minecraft:swim_one_cm":313685,"minecraft:fly_one_cm":626192,"minecraft:open_chest":99,"minecraft:crouch_one_cm":18808,"minecraft:fall_one_cm":70102},"minecraft:picked_up":{"minecraft:iron_chestplate":2,"minecraft:crafting_table":3,"minecraft:wheat":44,"minecraft:chicken":19,"minecraft:leather_leggings":1,"minecraft:diamond_horse_armor":1,"minecraft:shield":2,"minecraft:amethyst_block":5,"minecraft:music_disc_cat":1,"minecraft:string":3,"minecraft:cooked_salmon":8,"minecraft:iron_leggings":1,"minecraft:compass":1,"minecraft:iron_shovel":1,"minecraft:cartography_table":1,"minecraft:cobbled_deepslate":134,"minecraft:beef":8,"minecraft:iron_pickaxe":2,"minecraft:melon_slice":65,"minecraft:sugar_cane":12,"minecraft:chest":1,"minecraft:birch_sapling":1,"minecraft:iron_boots":1,"minecraft:egg":12,"minecraft:furnace":2,"minecraft:raw_iron":54,"minecraft:stick":7,"minecraft:torch":128,"minecraft:acacia_log":59,"minecraft:porkchop":33,"minecraft:diorite":23,"minecraft:redstone":113,"minecraft:cauldron":2,"minecraft:dark_oak_planks":4,"minecraft:orange_bed":2,"minecraft:stone_sword":2,"minecraft:arrow":6,"minecraft:rotten_flesh":37,"minecraft:tropical_fish":1,"minecraft:hay_block":29,"minecraft:armadillo_scute":5,"minecraft:yellow_terracotta":4,"minecraft:mutton":31,"minecraft:white_wool":16,"minecraft:cobblestone":92,"minecraft:feather":28,"minecraft:salmon":57,"minecraft:andesite":11,"minecraft:leather":9,"minecraft:potato":1,"minecraft:acacia_wood":3,"minecraft:flint":2,"minecraft:tuff":14,"minecraft:oak_log":17,"minecraft:gunpowder":3,"minecraft:lapis_lazuli":14,"minecraft:dirt":47,"minecraft:paper":5,"minecraft:cooked_mutton":55,"minecraft:leather_boots":1,"minecraft:bone":5,"minecraft:acacia_planks":15,"minecraft:kelp":9,"minecraft:wheat_seeds":194,"minecraft:raw_gold":15,"minecraft:iron_ingot":1,"minecraft:stone_pickaxe":5,"minecraft:iron_sword":2,"minecraft:oak_planks":105,"minecraft:cooked_porkchop":6,"minecraft:dandelion":1,"minecraft:gravel":15,"minecraft:sand":4,"minecraft:dark_oak_log":25,"minecraft:spider_eye":4,"minecraft:mossy_cobblestone":1,"minecraft:diamond":31,"minecraft:stone_axe":1,"minecraft:iron_helmet":1,"minecraft:granite":15,"minecraft:bone_meal":2,"minecraft:gray_wool":3,"minecraft:oak_sapling":4,"minecraft:black_wool":1,"minecraft:melon_seeds":7,"minecraft:coal":127},"minecraft:broken":{"minecraft:shield":1,"minecraft:iron_pickaxe":1},"minecraft:crafted":{"minecraft:cooked_chicken":5,"minecraft:furnace":3,"minecraft:iron_boots":1,"minecraft:stone_pickaxe":1,"minecraft:chest":5,"minecraft:dark_oak_planks":72,"minecraft:cooked_beef":5,"minecraft:cooked_porkchop":1,"minecraft:crafting_table":3,"minecraft:wooden_pickaxe":1,"minecraft:iron_helmet":1,"minecraft:iron_sword":2,"minecraft:cooked_salmon":57,"minecraft:air":0,"minecraft:iron_chestplate":1,"minecraft:diamond_pickaxe":1,"minecraft:shield":2,"minecraft:stick":20,"minecraft:iron_ingot":40,"minecraft:iron_pickaxe":3,"minecraft:stone_sword":3,"minecraft:iron_leggings":2,"minecraft:acacia_planks":20},"minecraft:killed":{"minecraft:spider":6,"minecraft:skeleton":6,"minecraft:chicken":18,"minecraft:drowned":4,"minecraft:pig":16,"minecraft:salmon":60,"minecraft:creeper":1,"minecraft:sheep":19,"minecraft:zombie":31,"minecraft:cow":6}},"DataVersion":3839}